{
    "LinearRegression": {
        "train_r2": 0.8743172040139593,
        "test_r2": 0.8804332983749564,
        "rmse": 5.393993869732845,
        "mae": 4.21476314247485
    },
    "Lasso": {
        "train_r2": 0.8735897044083318,
        "test_r2": 0.8820820270670147,
        "rmse": 5.356675355549928,
        "mae": 4.175129333299298
    },
    "Ridge": {
        "train_r2": 0.8743171266385398,
        "test_r2": 0.8804480338276083,
        "rmse": 5.39366148040864,
        "mae": 4.2145189358329915
    },
    "ElasticNet": {
        "train_r2": 0.8723948685047632,
        "test_r2": 0.8810394525644485,
        "rmse": 5.380303827488853,
        "mae": 4.182344781840077
    },
    "SVR": {
        "train_r2": 0.890668397430805,
        "test_r2": 0.8248654200136198,
        "rmse": 6.528167313921861,
        "mae": 4.925115438270772
    },
    "KNN": {
        "train_r2": 0.6703341062788359,
        "test_r2": 0.4870744206589738,
        "rmse": 11.172040538590897,
        "mae": 8.835714285714287
    },
    "DecisionTree": {
        "train_r2": 0.8550110711822139,
        "test_r2": 0.8242299188020519,
        "rmse": 6.540000789493743,
        "mae": 4.931523210662771
    },
    "RandomForest": {
        "train_r2": 0.9766767267668985,
        "test_r2": 0.8541225443975915,
        "rmse": 5.95798511599023,
        "mae": 4.6005625000000006
    },
    "GradientBoosting": {
        "train_r2": 0.9050396644022572,
        "test_r2": 0.8723068052223113,
        "rmse": 5.574285398873217,
        "mae": 4.3022072572875825
    },
    "AdaBoost": {
        "train_r2": 0.8565511135614184,
        "test_r2": 0.8539423203638928,
        "rmse": 5.961664370824887,
        "mae": 4.676468269991043
    },
    "XGBoost": {
        "train_r2": 0.9457160531476942,
        "test_r2": 0.8531512456138067,
        "rmse": 5.977787294169077,
        "mae": 4.630727119445801
    },
    "CatBoost": {
        "train_r2": 0.9295633433779289,
        "test_r2": 0.8679200983393005,
        "rmse": 5.669224986033977,
        "mae": 4.348753622893891
    }
}